_id,dataNotificacao,cnes,ocupacaoSuspeitoCli,ocupacaoSuspeitoUti,ocupacaoConfirmadoCli,ocupacaoConfirmadoUti,saidaSuspeitaObitos,saidaSuspeitaAltas,saidaConfirmadaObitos,saidaConfirmadaAltas,origem,_p_usuario,estadoNotificacao,municipioNotificacao,estado,municipio,excluido,validado,_created_at,_updated_at
HaMpnc7zxP,2021-06-01,2676060.0,63.0,21.0,0.0,9.0,0.0,0.0,0.0,0.0,parse-cloud,_User$Kr8GF1edDx,Paraíba,Campina Grande,Paraíba,Campina Grande,False,False,2021-06-01T19:18:39.385Z,2021-06-01T19:18:39.385Z
fKW5kxannc,2021-06-01,2363070.0,92.0,58.0,92.0,58.0,2.0,0.0,0.0,0.0,parse-cloud,_User$Eu3qeTtHXO,Paraíba,Campina Grande,Paraíba,Campina Grande,False,False,2021-06-01T21:51:41.692Z,2021-06-01T21:51:41.692Z
oTaC2FmOO4,2021-06-01,220337.0,39.0,58.0,39.0,58.0,0.0,2.0,2.0,6.0,parse-cloud,_User$VgB5jSCEUE,Paraíba,Campina Grande,Paraíba,Campina Grande,False,False,2021-06-02T15:00:18.960Z,2021-06-02T15:00:18.960Z
grOrPw4Ndd,2021-06-01,2613743.0,14.0,5.0,19.0,6.0,0.0,0.0,0.0,0.0,parse-cloud,_User$ykxJe4vfWZ,Paraíba,Campina Grande,Paraíba,Campina Grande,False,False,2021-06-02T16:40:44.523Z,2021-06-02T16:40:44.523Z
JKdLVDVA4b,2021-06-02,2676060.0,70.0,22.0,0.0,10.0,0.0,0.0,0.0,0.0,parse-cloud,_User$Kr8GF1edDx,Paraíba,Campina Grande,Paraíba,Campina Grande,False,False,2021-06-02T17:33:42.567Z,2021-06-02T17:33:42.567Z
K1Y64LYWhh,2021-06-02,2363070.0,93.0,51.0,93.0,51.0,0.0,0.0,2.0,4.0,parse-cloud,_User$Eu3qeTtHXO,Paraíba,Campina Grande,Paraíba,Campina Grande,False,False,2021-06-02T21:53:31.080Z,2021-06-02T21:53:31.080Z
4cS7Tk3Aq3,2021-06-01,2362287.0,71.0,14.0,8.0,7.0,0.0,0.0,0.0,0.0,parse-cloud,_User$JERHxuCJ0m,Paraíba,Campina Grande,Paraíba,Campina Grande,False,False,2021-06-02T23:19:09.189Z,2021-06-02T23:19:09.189Z
3fnuRbxJUX,2021-06-02,220337.0,43.0,60.0,43.0,60.0,1.0,2.0,4.0,3.0,parse-cloud,_User$VgB5jSCEUE,Paraíba,Campina Grande,Paraíba,Campina Grande,False,False,2021-06-03T13:00:33.169Z,2021-06-03T13:00:33.169Z
zGZOby8BjB,2021-06-03,2363070.0,79.0,54.0,79.0,54.0,0.0,18.0,1.0,0.0,parse-cloud,_User$Eu3qeTtHXO,Paraíba,Campina Grande,Paraíba,Campina Grande,False,False,2021-06-03T21:56:37.255Z,2021-06-03T21:56:37.255Z
P026IQRagN,2021-06-03,220337.0,44.0,60.0,44.0,60.0,2.0,5.0,1.0,6.0,parse-cloud,_User$VgB5jSCEUE,Paraíba,Campina Grande,Paraíba,Campina Grande,False,False,2021-06-04T13:11:46.428Z,2021-06-04T13:11:46.428Z
7iGcbw2G9A,2021-06-03,2676060.0,60.0,20.0,0.0,9.0,0.0,3.0,0.0,0.0,parse-cloud,_User$Kr8GF1edDx,Paraíba,Campina Grande,Paraíba,Campina Grande,False,False,2021-06-05T01:35:25.947Z,2021-06-05T01:35:25.947Z
puCFKrYZVN,2021-06-04,2676060.0,58.0,21.0,0.0,10.0,0.0,0.0,0.0,1.0,parse-cloud,_User$Kr8GF1edDx,Paraíba,Campina Grande,Paraíba,Campina Grande,False,False,2021-06-05T01:37:34.669Z,2021-06-05T01:37:34.669Z
9KDOXMK9hg,2021-06-04,2363070.0,89.0,54.0,89.0,54.0,0.0,0.0,0.0,7.0,parse-cloud,_User$Eu3qeTtHXO,Paraíba,Campina Grande,Paraíba,Campina Grande,False,False,2021-06-05T02:52:59.047Z,2021-06-05T02:52:59.047Z
xhqaZHAfgT,2021-06-02,2362287.0,68.0,16.0,7.0,7.0,0.0,0.0,0.0,1.0,parse-cloud,_User$JERHxuCJ0m,Paraíba,Campina Grande,Paraíba,Campina Grande,False,False,2021-06-05T23:33:02.526Z,2021-06-05T23:33:02.526Z
KzQnp91hIE,2021-06-03,2362287.0,72.0,17.0,6.0,7.0,0.0,1.0,0.0,0.0,parse-cloud,_User$JERHxuCJ0m,Paraíba,Campina Grande,Paraíba,Campina Grande,False,False,2021-06-05T23:35:28.680Z,2021-06-05T23:35:28.680Z
QxXj9LT0aj,2021-06-04,2362287.0,73.0,17.0,7.0,7.0,0.0,2.0,0.0,0.0,parse-cloud,_User$JERHxuCJ0m,Paraíba,Campina Grande,Paraíba,Campina Grande,False,False,2021-06-05T23:38:32.240Z,2021-06-05T23:38:32.240Z
gcVYQDZjlx,2021-06-05,2362287.0,84.0,18.0,9.0,8.0,0.0,0.0,0.0,0.0,parse-cloud,_User$JERHxuCJ0m,Paraíba,Campina Grande,Paraíba,Campina Grande,False,False,2021-06-05T23:41:24.037Z,2021-06-13T22:34:13.819Z
5CXk9slZOq,2021-06-06,2363070.0,98.0,48.0,98.0,48.0,0.0,0.0,6.0,7.0,parse-cloud,_User$Eu3qeTtHXO,Paraíba,Campina Grande,Paraíba,Campina Grande,False,False,2021-06-07T02:11:20.861Z,2021-06-07T02:11:20.861Z
aULGLBuekX,2021-06-06,2362287.0,105.0,3.0,7.0,3.0,0.0,5.0,0.0,1.0,parse-cloud,_User$JERHxuCJ0m,Paraíba,Campina Grande,Paraíba,Campina Grande,False,False,2021-06-07T02:15:22.485Z,2021-06-08T00:53:36.345Z
ruM3HowWXd,2021-06-05,2676060.0,53.0,20.0,0.0,9.0,1.0,0.0,0.0,1.0,parse-cloud,_User$Kr8GF1edDx,Paraíba,Campina Grande,Paraíba,Campina Grande,False,False,2021-06-07T12:57:36.484Z,2021-06-07T12:57:36.484Z
Ny1LfmdpxI,2021-06-06,2676060.0,56.0,21.0,0.0,10.0,0.0,0.0,0.0,0.0,parse-cloud,_User$Kr8GF1edDx,Paraíba,Campina Grande,Paraíba,Campina Grande,False,False,2021-06-07T14:17:13.805Z,2021-06-07T14:17:13.805Z
BB3JDuduDR,2021-06-07,2676060.0,61.0,22.0,0.0,10.0,0.0,0.0,0.0,0.0,parse-cloud,_User$Kr8GF1edDx,Paraíba,Campina Grande,Paraíba,Campina Grande,False,False,2021-06-07T16:08:05.550Z,2021-06-07T16:08:05.550Z
8dQ5VgqaRs,2021-06-07,2363070.0,90.0,41.0,90.0,41.0,0.0,0.0,3.0,11.0,parse-cloud,_User$Eu3qeTtHXO,Paraíba,Campina Grande,Paraíba,Campina Grande,False,False,2021-06-07T21:27:01.278Z,2021-06-07T21:27:01.278Z
XQNA5Otj5V,2021-06-04,220337.0,44.0,55.0,44.0,55.0,1.0,2.0,1.0,4.0,parse-cloud,_User$VgB5jSCEUE,Paraíba,Campina Grande,Paraíba,Campina Grande,False,False,2021-06-08T15:10:28.751Z,2021-06-08T15:10:28.751Z
6rhjGnMZ5P,2021-06-05,220337.0,41.0,57.0,41.0,57.0,2.0,5.0,5.0,2.0,parse-cloud,_User$VgB5jSCEUE,Paraíba,Campina Grande,Paraíba,Campina Grande,False,False,2021-06-08T15:11:59.102Z,2021-06-08T15:11:59.102Z
90bIDl4ofz,2021-06-07,220337.0,40.0,56.0,40.0,56.0,0.0,3.0,2.0,1.0,parse-cloud,_User$VgB5jSCEUE,Paraíba,Campina Grande,Paraíba,Campina Grande,False,False,2021-06-08T15:12:54.080Z,2021-06-08T15:12:54.080Z
SzNK2cjEdm,2021-06-06,220337.0,39.0,60.0,39.0,60.0,0.0,8.0,0.0,6.0,parse-cloud,_User$VgB5jSCEUE,Paraíba,Campina Grande,Paraíba,Campina Grande,False,False,2021-06-08T15:14:07.222Z,2021-06-08T15:14:07.222Z
MpIkWL0H0Z,2021-06-08,2676060.0,59.0,24.0,0.0,10.0,0.0,0.0,0.0,1.0,parse-cloud,_User$Kr8GF1edDx,Paraíba,Campina Grande,Paraíba,Campina Grande,False,False,2021-06-08T15:59:59.036Z,2021-06-08T15:59:59.036Z
eb1wpsUV4G,2021-06-09,2676060.0,67.0,19.0,0.0,10.0,0.0,0.0,0.0,0.0,parse-cloud,_User$Kr8GF1edDx,Paraíba,Campina Grande,Paraíba,Campina Grande,False,False,2021-06-09T16:47:56.061Z,2021-06-09T16:47:56.061Z
EjDlzCEpSs,2021-06-09,2363070.0,83.0,43.0,83.0,43.0,0.0,0.0,4.0,8.0,parse-cloud,_User$Eu3qeTtHXO,Paraíba,Campina Grande,Paraíba,Campina Grande,False,False,2021-06-09T22:27:14.656Z,2021-06-09T22:27:14.656Z
HW4ULj3Tm6,2021-06-10,2363070.0,84.0,40.0,84.0,40.0,0.0,0.0,0.0,7.0,parse-cloud,_User$Eu3qeTtHXO,Paraíba,Campina Grande,Paraíba,Campina Grande,False,False,2021-06-10T20:22:42.117Z,2021-06-10T20:22:42.117Z
lDKA5QHdZW,2021-06-10,2676060.0,68.0,17.0,0.0,10.0,0.0,0.0,0.0,1.0,parse-cloud,_User$Kr8GF1edDx,Paraíba,Campina Grande,Paraíba,Campina Grande,False,False,2021-06-11T12:02:24.263Z,2021-06-11T12:02:24.263Z
ITxkhaLbJk,2021-06-11,2676060.0,71.0,17.0,0.0,9.0,0.0,0.0,1.0,1.0,parse-cloud,_User$Kr8GF1edDx,Paraíba,Campina Grande,Paraíba,Campina Grande,False,False,2021-06-11T17:11:37.023Z,2021-06-11T17:11:37.023Z
FahVPQQ6IL,2021-06-11,2363070.0,86.0,48.0,86.0,48.0,0.0,0.0,1.0,8.0,parse-cloud,_User$Eu3qeTtHXO,Paraíba,Campina Grande,Paraíba,Campina Grande,False,False,2021-06-11T22:15:59.390Z,2021-06-11T22:15:59.390Z
nBdHoanXt9,2021-06-12,2676060.0,62.0,18.0,0.0,9.0,0.0,0.0,1.0,0.0,parse-cloud,_User$Kr8GF1edDx,Paraíba,Campina Grande,Paraíba,Campina Grande,False,False,2021-06-12T17:39:12.226Z,2021-06-12T17:39:12.226Z
1eFHfE9PtG,2021-06-12,2363070.0,88.0,49.0,88.0,49.0,0.0,0.0,2.0,10.0,parse-cloud,_User$Eu3qeTtHXO,Paraíba,Campina Grande,Paraíba,Campina Grande,False,False,2021-06-12T23:16:53.520Z,2021-06-12T23:16:53.520Z
kbH8OoCAni,2021-06-13,2363070.0,89.0,42.0,89.0,42.0,0.0,16.0,3.0,0.0,parse-cloud,_User$Eu3qeTtHXO,Paraíba,Campina Grande,Paraíba,Campina Grande,False,False,2021-06-13T22:34:05.647Z,2021-06-13T22:34:05.647Z
AjChbGIeqZ,2021-06-13,2362287.0,86.0,17.0,7.0,2.0,0.0,0.0,0.0,0.0,parse-cloud,_User$JERHxuCJ0m,Paraíba,Campina Grande,Paraíba,Campina Grande,False,False,2021-06-13T22:36:34.735Z,2021-06-13T22:36:34.735Z
OGaImsuc2y,2021-06-13,2676060.0,60.0,23.0,0.0,9.0,0.0,0.0,0.0,0.0,parse-cloud,_User$Kr8GF1edDx,Paraíba,Campina Grande,Paraíba,Campina Grande,False,False,2021-06-14T18:17:44.859Z,2021-06-14T18:17:44.859Z
P908p5k4Go,2021-06-14,2676060.0,63.0,20.0,0.0,9.0,0.0,0.0,0.0,0.0,parse-cloud,_User$Kr8GF1edDx,Paraíba,Campina Grande,Paraíba,Campina Grande,False,False,2021-06-14T18:21:33.582Z,2021-06-14T18:21:33.582Z
IviMOAH5qo,2021-06-14,2363070.0,85.0,46.0,85.0,46.0,0.0,8.0,4.0,0.0,parse-cloud,_User$Eu3qeTtHXO,Paraíba,Campina Grande,Paraíba,Campina Grande,False,False,2021-06-14T21:32:35.902Z,2021-06-14T21:32:35.902Z
wd4XT0j6El,2021-06-08,220337.0,40.0,55.0,40.0,55.0,0.0,1.0,3.0,3.0,parse-cloud,_User$VgB5jSCEUE,Paraíba,Campina Grande,Paraíba,Campina Grande,False,False,2021-06-15T14:43:08.209Z,2021-06-15T14:43:08.209Z
moQLiOhFML,2021-06-09,220337.0,40.0,56.0,46.0,56.0,2.0,4.0,2.0,2.0,parse-cloud,_User$VgB5jSCEUE,Paraíba,Campina Grande,Paraíba,Campina Grande,False,False,2021-06-15T14:43:45.095Z,2021-06-15T14:44:03.802Z
jVhvUiWffM,2021-06-10,220337.0,41.0,57.0,41.0,57.0,1.0,3.0,1.0,6.0,parse-cloud,_User$VgB5jSCEUE,Paraíba,Campina Grande,Paraíba,Campina Grande,False,False,2021-06-15T14:45:08.711Z,2021-06-15T14:45:08.711Z
1ADtAoHS1E,2021-06-11,220337.0,33.0,49.0,33.0,49.0,1.0,4.0,3.0,5.0,parse-cloud,_User$VgB5jSCEUE,Paraíba,Campina Grande,Paraíba,Campina Grande,False,False,2021-06-15T14:45:45.026Z,2021-06-15T14:45:45.026Z
VkI9oDfTD7,2021-06-12,220337.0,28.0,58.0,28.0,58.0,0.0,0.0,3.0,6.0,parse-cloud,_User$VgB5jSCEUE,Paraíba,Campina Grande,Paraíba,Campina Grande,False,False,2021-06-15T14:47:13.264Z,2021-06-15T14:47:13.264Z
uuJPHAxr1h,2021-06-13,220337.0,28.0,58.0,28.0,58.0,0.0,0.0,4.0,0.0,parse-cloud,_User$VgB5jSCEUE,Paraíba,Campina Grande,Paraíba,Campina Grande,False,False,2021-06-15T14:48:52.990Z,2021-06-15T14:48:52.990Z
dehQNlOlp7,2021-06-14,220337.0,50.0,55.0,50.0,55.0,0.0,0.0,0.0,4.0,parse-cloud,_User$VgB5jSCEUE,Paraíba,Campina Grande,Paraíba,Campina Grande,False,False,2021-06-15T14:49:32.498Z,2021-06-15T14:49:32.498Z
BZ8rC0alVm,2021-06-15,2676060.0,66.0,17.0,0.0,10.0,0.0,0.0,0.0,1.0,parse-cloud,_User$Kr8GF1edDx,Paraíba,Campina Grande,Paraíba,Campina Grande,False,False,2021-06-15T16:46:53.112Z,2021-06-15T16:46:53.112Z
kn4Hhr34fI,2021-06-15,2363070.0,81.0,44.0,81.0,44.0,0.0,0.0,3.0,8.0,parse-cloud,_User$Eu3qeTtHXO,Paraíba,Campina Grande,Paraíba,Campina Grande,False,False,2021-06-15T21:58:07.919Z,2021-06-15T21:58:07.919Z
rauBvcWmSO,2021-06-16,2676060.0,62.0,14.0,0.0,6.0,0.0,0.0,0.0,1.0,parse-cloud,_User$Kr8GF1edDx,Paraíba,Campina Grande,Paraíba,Campina Grande,False,False,2021-06-16T17:12:11.374Z,2021-06-16T17:12:11.374Z
Z2TC3iGaCr,2021-06-16,2363070.0,82.0,41.0,82.0,41.0,0.0,0.0,4.0,10.0,parse-cloud,_User$Eu3qeTtHXO,Paraíba,Campina Grande,Paraíba,Campina Grande,False,False,2021-06-16T21:26:23.148Z,2021-06-16T21:26:23.148Z
vYKW90lSrS,2021-06-17,2363070.0,80.0,38.0,80.0,38.0,0.0,15.0,1.0,0.0,parse-cloud,_User$Eu3qeTtHXO,Paraíba,Campina Grande,Paraíba,Campina Grande,False,False,2021-06-17T21:55:26.091Z,2021-06-17T21:55:26.091Z
yNK3kw4wGl,2021-06-15,220337.0,42.0,57.0,42.0,57.0,0.0,1.0,1.0,5.0,parse-cloud,_User$VgB5jSCEUE,Paraíba,Campina Grande,Paraíba,Campina Grande,False,False,2021-06-17T22:35:44.905Z,2021-06-17T22:35:44.905Z
C3Hc2bU1Yn,2021-06-16,220337.0,45.0,51.0,45.0,51.0,0.0,5.0,1.0,6.0,parse-cloud,_User$VgB5jSCEUE,Paraíba,Campina Grande,Paraíba,Campina Grande,False,False,2021-06-17T22:36:30.173Z,2021-06-17T22:36:30.173Z
x1erGBMJqc,2021-06-17,2676060.0,57.0,14.0,0.0,7.0,0.0,0.0,0.0,0.0,parse-cloud,_User$Kr8GF1edDx,Paraíba,Campina Grande,Paraíba,Campina Grande,False,False,2021-06-18T14:53:31.045Z,2021-06-18T14:53:31.045Z
nhSfuqfG9P,2021-06-17,220337.0,42.0,50.0,42.0,50.0,0.0,1.0,3.0,8.0,parse-cloud,_User$VgB5jSCEUE,Paraíba,Campina Grande,Paraíba,Campina Grande,False,False,2021-06-18T17:16:04.068Z,2021-06-18T17:16:04.068Z
gq5qhS4mDu,2021-06-18,2363070.0,83.0,42.0,83.0,42.0,0.0,0.0,1.0,6.0,parse-cloud,_User$Eu3qeTtHXO,Paraíba,Campina Grande,Paraíba,Campina Grande,False,False,2021-06-18T22:03:32.631Z,2021-06-18T22:03:32.631Z
RoCyMjXZTL,2021-06-19,2363070.0,84.0,38.0,84.0,38.0,0.0,5.0,5.0,0.0,parse-cloud,_User$Eu3qeTtHXO,Paraíba,Campina Grande,Paraíba,Campina Grande,False,False,2021-06-19T21:12:56.853Z,2021-06-19T21:19:58.296Z
GrmvOKzd0o,2021-06-20,2363070.0,88.0,40.0,88.0,40.0,0.0,0.0,3.0,2.0,parse-cloud,_User$Eu3qeTtHXO,Paraíba,Campina Grande,Paraíba,Campina Grande,False,False,2021-06-20T21:33:18.673Z,2021-06-20T21:33:18.673Z
dAyjHyAknu,2021-06-02,2613743.0,14.0,7.0,20.0,6.0,0.0,0.0,0.0,0.0,parse-cloud,_User$ykxJe4vfWZ,Paraíba,Campina Grande,Paraíba,Campina Grande,False,False,2021-06-21T15:24:58.934Z,2021-06-21T15:24:58.934Z
sk5hEWVDqp,2021-06-03,2613743.0,12.0,8.0,20.0,6.0,0.0,1.0,0.0,0.0,parse-cloud,_User$ykxJe4vfWZ,Paraíba,Campina Grande,Paraíba,Campina Grande,False,False,2021-06-21T15:25:14.248Z,2021-06-21T15:25:14.248Z
rmG7WaGfJE,2021-06-04,2613743.0,13.0,8.0,21.0,5.0,0.0,0.0,0.0,0.0,parse-cloud,_User$ykxJe4vfWZ,Paraíba,Campina Grande,Paraíba,Campina Grande,False,False,2021-06-21T15:25:29.305Z,2021-06-21T15:25:29.305Z
NP46zQQU57,2021-06-05,2613743.0,12.0,4.0,22.0,5.0,0.0,0.0,0.0,0.0,parse-cloud,_User$ykxJe4vfWZ,Paraíba,Campina Grande,Paraíba,Campina Grande,False,False,2021-06-21T15:26:45.939Z,2021-06-21T15:26:45.939Z
OYze9robgj,2021-06-06,2613743.0,10.0,3.0,19.0,6.0,0.0,0.0,0.0,0.0,parse-cloud,_User$ykxJe4vfWZ,Paraíba,Campina Grande,Paraíba,Campina Grande,False,False,2021-06-21T15:27:23.515Z,2021-06-21T15:27:23.515Z
uhJQeQUrLI,2021-06-07,2613743.0,9.0,5.0,21.0,6.0,0.0,0.0,0.0,0.0,parse-cloud,_User$ykxJe4vfWZ,Paraíba,Campina Grande,Paraíba,Campina Grande,False,False,2021-06-21T15:28:19.670Z,2021-06-21T15:28:19.670Z
TYADAb1HKg,2021-06-08,2613743.0,21.0,7.0,23.0,6.0,0.0,0.0,0.0,0.0,parse-cloud,_User$ykxJe4vfWZ,Paraíba,Campina Grande,Paraíba,Campina Grande,False,False,2021-06-21T15:28:35.608Z,2021-06-21T15:28:35.608Z
Ma46bmo7H3,2021-06-09,2613743.0,11.0,8.0,16.0,6.0,0.0,0.0,0.0,0.0,parse-cloud,_User$ykxJe4vfWZ,Paraíba,Campina Grande,Paraíba,Campina Grande,False,False,2021-06-21T15:28:57.599Z,2021-06-21T15:28:57.599Z
ldYDWMO1ma,2021-06-10,2613743.0,13.0,9.0,18.0,4.0,2.0,0.0,0.0,1.0,parse-cloud,_User$ykxJe4vfWZ,Paraíba,Campina Grande,Paraíba,Campina Grande,False,False,2021-06-21T15:29:20.811Z,2021-06-21T15:29:20.811Z
1O2GD4nuc0,2021-06-11,2613743.0,16.0,7.0,15.0,4.0,0.0,0.0,1.0,0.0,parse-cloud,_User$ykxJe4vfWZ,Paraíba,Campina Grande,Paraíba,Campina Grande,False,False,2021-06-21T15:30:10.364Z,2021-06-21T15:30:10.364Z
AqaTBaB7OE,2021-06-12,2613743.0,17.0,8.0,13.0,3.0,0.0,0.0,0.0,0.0,parse-cloud,_User$ykxJe4vfWZ,Paraíba,Campina Grande,Paraíba,Campina Grande,False,False,2021-06-21T15:30:28.007Z,2021-06-21T15:30:28.007Z
Xjg56h94ZE,2021-06-13,2613743.0,13.0,6.0,14.0,3.0,0.0,0.0,0.0,0.0,parse-cloud,_User$ykxJe4vfWZ,Paraíba,Campina Grande,Paraíba,Campina Grande,False,False,2021-06-21T15:30:41.211Z,2021-06-21T15:30:41.211Z
Mnoh2GeKED,2021-06-14,2613743.0,14.0,6.0,15.0,4.0,0.0,0.0,0.0,0.0,parse-cloud,_User$ykxJe4vfWZ,Paraíba,Campina Grande,Paraíba,Campina Grande,False,False,2021-06-21T15:31:00.609Z,2021-06-21T15:31:00.609Z
e3gZBalj5a,2021-06-15,2613743.0,17.0,10.0,13.0,5.0,0.0,0.0,0.0,0.0,parse-cloud,_User$ykxJe4vfWZ,Paraíba,Campina Grande,Paraíba,Campina Grande,False,False,2021-06-21T15:31:14.734Z,2021-06-21T15:31:14.734Z
D5tKoXqcx3,2021-06-16,2613743.0,19.0,6.0,18.0,6.0,0.0,0.0,0.0,0.0,parse-cloud,_User$ykxJe4vfWZ,Paraíba,Campina Grande,Paraíba,Campina Grande,False,False,2021-06-21T15:31:35.752Z,2021-06-21T15:31:35.752Z
C3k4378Dyg,2021-06-17,2613743.0,19.0,6.0,13.0,7.0,0.0,0.0,0.0,0.0,parse-cloud,_User$ykxJe4vfWZ,Paraíba,Campina Grande,Paraíba,Campina Grande,False,False,2021-06-21T15:32:10.945Z,2021-06-21T15:32:10.945Z
35xkgU1cWw,2021-06-18,2676060.0,64.0,15.0,0.0,7.0,0.0,0.0,1.0,1.0,parse-cloud,_User$Kr8GF1edDx,Paraíba,Campina Grande,Paraíba,Campina Grande,False,False,2021-06-21T15:52:52.986Z,2021-06-21T15:52:52.986Z
Y5RpTCzy09,2021-06-19,2676060.0,54.0,18.0,0.0,10.0,0.0,0.0,0.0,1.0,parse-cloud,_User$Kr8GF1edDx,Paraíba,Campina Grande,Paraíba,Campina Grande,False,False,2021-06-21T15:55:52.302Z,2021-06-21T15:55:52.302Z
y8SCfA4Z4S,2021-06-20,2676060.0,55.0,19.0,0.0,10.0,0.0,0.0,1.0,0.0,parse-cloud,_User$Kr8GF1edDx,Paraíba,Campina Grande,Paraíba,Campina Grande,False,False,2021-06-21T15:58:38.891Z,2021-06-21T15:58:38.891Z
nGlYKaxTKE,2021-06-21,2676060.0,56.0,17.0,0.0,10.0,0.0,0.0,0.0,0.0,parse-cloud,_User$Kr8GF1edDx,Paraíba,Campina Grande,Paraíba,Campina Grande,False,False,2021-06-21T16:01:01.287Z,2021-06-21T16:01:01.287Z
gCfl3HA2QC,2021-06-21,2363070.0,69.0,46.0,69.0,46.0,0.0,14.0,2.0,0.0,parse-cloud,_User$Eu3qeTtHXO,Paraíba,Campina Grande,Paraíba,Campina Grande,False,False,2021-06-21T21:20:04.621Z,2021-06-21T21:20:04.621Z
92fcmOjEO7,2021-06-20,220337.0,39.0,47.0,39.0,47.0,0.0,3.0,2.0,6.0,parse-cloud,_User$VgB5jSCEUE,Paraíba,Campina Grande,Paraíba,Campina Grande,False,False,2021-06-22T14:51:51.176Z,2021-06-22T14:51:51.176Z
bB9599w1wc,2021-06-21,220337.0,33.0,47.0,33.0,47.0,1.0,2.0,1.0,8.0,parse-cloud,_User$VgB5jSCEUE,Paraíba,Campina Grande,Paraíba,Campina Grande,False,False,2021-06-22T14:52:28.246Z,2021-06-22T14:52:28.246Z
KVRtnMqdAG,2021-06-22,2676060.0,64.0,18.0,0.0,10.0,0.0,0.0,0.0,0.0,parse-cloud,_User$Kr8GF1edDx,Paraíba,Campina Grande,Paraíba,Campina Grande,False,False,2021-06-22T16:54:13.269Z,2021-06-22T16:54:13.269Z
Q3uBs3HTMM,2021-06-22,2363070.0,65.0,44.0,65.0,44.0,0.0,0.0,0.0,9.0,parse-cloud,_User$Eu3qeTtHXO,Paraíba,Campina Grande,Paraíba,Campina Grande,False,False,2021-06-22T21:54:32.098Z,2021-06-22T21:54:32.098Z
SYwicOqFPI,2021-06-22,220337.0,29.0,45.0,29.0,45.0,0.0,2.0,1.0,10.0,parse-cloud,_User$VgB5jSCEUE,Paraíba,Campina Grande,Paraíba,Campina Grande,False,False,2021-06-23T15:31:17.626Z,2021-06-23T15:31:17.626Z
s6gmR8yZde,2021-06-23,2676060.0,68.0,18.0,0.0,9.0,0.0,0.0,0.0,0.0,parse-cloud,_User$Kr8GF1edDx,Paraíba,Campina Grande,Paraíba,Campina Grande,False,False,2021-06-23T15:34:39.230Z,2021-06-23T15:34:39.230Z
uhRKNfXaDF,2021-06-23,220337.0,30.0,37.0,30.0,37.0,0.0,2.0,2.0,3.0,parse-cloud,_User$VgB5jSCEUE,Paraíba,Campina Grande,Paraíba,Campina Grande,False,False,2021-06-24T14:22:16.836Z,2021-06-24T14:22:16.836Z
M2BKyrikne,2021-06-24,2676060.0,57.0,21.0,0.0,10.0,0.0,0.0,0.0,0.0,parse-cloud,_User$Kr8GF1edDx,Paraíba,Campina Grande,Paraíba,Campina Grande,False,False,2021-06-24T17:39:11.916Z,2021-06-24T17:39:11.916Z
perbG44crw,2021-06-24,2363070.0,51.0,40.0,51.0,40.0,3.0,6.0,0.0,0.0,parse-cloud,_User$Eu3qeTtHXO,Paraíba,Campina Grande,Paraíba,Campina Grande,False,False,2021-06-24T22:13:06.350Z,2021-06-24T22:13:06.350Z
0EHKN3E0Sz,2021-06-24,220337.0,31.0,31.0,31.0,31.0,0.0,1.0,3.0,2.0,parse-cloud,_User$VgB5jSCEUE,Paraíba,Campina Grande,Paraíba,Campina Grande,False,False,2021-06-25T13:12:53.093Z,2021-06-25T13:12:53.093Z
FO6DCGO8Fs,2021-06-25,220337.0,34.0,27.0,34.0,27.0,0.0,3.0,0.0,7.0,parse-cloud,_User$VgB5jSCEUE,Paraíba,Campina Grande,Paraíba,Campina Grande,False,False,2021-06-25T14:57:43.400Z,2021-06-26T21:12:21.055Z
jRkoEdMLHJ,2021-06-25,2363070.0,45.0,42.0,45.0,42.0,0.0,0.0,1.0,7.0,parse-cloud,_User$Eu3qeTtHXO,Paraíba,Campina Grande,Paraíba,Campina Grande,False,False,2021-06-25T21:04:02.359Z,2021-06-25T21:04:02.359Z
WGJtBoyPSK,2021-06-27,2363070.0,57.0,45.0,57.0,45.0,0.0,0.0,2.0,2.0,parse-cloud,_User$Eu3qeTtHXO,Paraíba,Campina Grande,Paraíba,Campina Grande,False,False,2021-06-27T22:02:01.161Z,2021-06-27T22:02:01.161Z
sK70ZayJBE,2021-06-26,2676060.0,59.0,23.0,0.0,9.0,0.0,0.0,0.0,0.0,parse-cloud,_User$Kr8GF1edDx,Paraíba,Campina Grande,Paraíba,Campina Grande,False,False,2021-06-27T23:47:19.906Z,2021-06-28T22:45:33.380Z
pHiWDggyzr,2021-06-26,220337.0,31.0,27.0,31.0,27.0,0.0,0.0,0.0,7.0,parse-cloud,_User$VgB5jSCEUE,Paraíba,Campina Grande,Paraíba,Campina Grande,False,False,2021-06-28T12:32:13.896Z,2021-06-28T12:32:13.896Z
RCauSDBXt0,2021-06-27,220337.0,31.0,23.0,31.0,23.0,1.0,0.0,0.0,0.0,parse-cloud,_User$VgB5jSCEUE,Paraíba,Campina Grande,Paraíba,Campina Grande,False,False,2021-06-28T12:32:52.615Z,2021-06-28T12:32:52.615Z
f6DjIdLifo,2021-06-28,2363070.0,48.0,45.0,48.0,45.0,0.0,0.0,1.0,12.0,parse-cloud,_User$Eu3qeTtHXO,Paraíba,Campina Grande,Paraíba,Campina Grande,False,False,2021-06-28T21:54:01.356Z,2021-06-28T21:54:01.356Z
J9bonFvH8a,2021-06-27,2676060.0,54.0,23.0,0.0,10.0,0.0,0.0,0.0,0.0,parse-cloud,_User$Kr8GF1edDx,Paraíba,Campina Grande,Paraíba,Campina Grande,False,False,2021-06-28T22:38:23.108Z,2021-06-28T22:38:23.108Z
QwOaINI5v1,2021-06-28,2676060.0,59.0,25.0,0.0,10.0,0.0,0.0,0.0,0.0,parse-cloud,_User$Kr8GF1edDx,Paraíba,Campina Grande,Paraíba,Campina Grande,False,False,2021-06-28T22:41:24.810Z,2021-06-28T22:41:24.810Z
Dd0PmCwvaC,2021-06-25,2676060.0,61.0,23.0,0.0,9.0,0.0,0.0,0.0,1.0,parse-cloud,_User$Kr8GF1edDx,Paraíba,Campina Grande,Paraíba,Campina Grande,False,False,2021-06-28T23:05:44.680Z,2021-06-28T23:05:44.680Z
M2cRC1S9uv,2021-06-28,220337.0,22.0,33.0,22.0,33.0,0.0,2.0,1.0,3.0,parse-cloud,_User$VgB5jSCEUE,Paraíba,Campina Grande,Paraíba,Campina Grande,False,False,2021-06-29T13:53:37.721Z,2021-06-29T13:53:37.721Z
emYIshHlk1,2021-06-29,220337.0,23.0,32.0,23.0,32.0,0.0,0.0,1.0,2.0,parse-cloud,_User$VgB5jSCEUE,Paraíba,Campina Grande,Paraíba,Campina Grande,False,False,2021-06-30T14:57:50.666Z,2021-06-30T14:57:50.666Z
PVLKonJNc0,2021-06-29,2676060.0,69.0,23.0,0.0,9.0,0.0,0.0,0.0,0.0,parse-cloud,_User$Kr8GF1edDx,Paraíba,Campina Grande,Paraíba,Campina Grande,False,False,2021-06-30T17:27:03.890Z,2021-06-30T17:27:03.890Z
FAv7qzGCPa,2021-06-30,2676060.0,68.0,19.0,0.0,6.0,0.0,0.0,1.0,2.0,parse-cloud,_User$Kr8GF1edDx,Paraíba,Campina Grande,Paraíba,Campina Grande,False,False,2021-06-30T17:35:38.213Z,2021-06-30T17:35:38.213Z
lE4wtWczEF,2021-07-01,2676060.0,67.0,20.0,0.0,7.0,0.0,0.0,0.0,0.0,parse-cloud,_User$Kr8GF1edDx,Paraíba,Campina Grande,Paraíba,Campina Grande,False,False,2021-07-01T17:05:51.359Z,2021-07-01T17:05:51.359Z
H53YrkrFmQ,2021-06-30,220337.0,22.0,31.0,22.0,31.0,1.0,0.0,2.0,8.0,parse-cloud,_User$VgB5jSCEUE,Paraíba,Campina Grande,Paraíba,Campina Grande,False,False,2021-07-01T18:06:37.334Z,2021-07-01T18:06:37.334Z
9NYqKDuZgd,2021-07-01,2363070.0,60.0,39.0,60.0,39.0,0.0,0.0,1.0,9.0,parse-cloud,_User$Eu3qeTtHXO,Paraíba,Campina Grande,Paraíba,Campina Grande,False,False,2021-07-01T22:05:32.178Z,2021-07-01T22:05:32.178Z
jPcsEf9OQ7,2021-07-02,2676060.0,71.0,20.0,0.0,7.0,0.0,0.0,0.0,0.0,parse-cloud,_User$Kr8GF1edDx,Paraíba,Campina Grande,Paraíba,Campina Grande,False,False,2021-07-02T17:51:39.248Z,2021-07-03T15:22:21.347Z
OoTw8YA429,2021-07-02,2363070.0,60.0,31.0,60.0,31.0,0.0,0.0,2.0,12.0,parse-cloud,_User$Eu3qeTtHXO,Paraíba,Campina Grande,Paraíba,Campina Grande,False,False,2021-07-02T20:59:58.741Z,2021-07-02T20:59:58.741Z
pwEOCNudod,2021-07-03,2676060.0,68.0,24.0,0.0,7.0,0.0,0.0,0.0,0.0,parse-cloud,_User$Kr8GF1edDx,Paraíba,Campina Grande,Paraíba,Campina Grande,False,False,2021-07-03T15:20:56.135Z,2021-07-03T15:20:56.135Z
081SJ9PaOk,2021-07-03,2363070.0,50.0,26.0,50.0,26.0,0.0,0.0,1.0,6.0,parse-cloud,_User$Eu3qeTtHXO,Paraíba,Campina Grande,Paraíba,Campina Grande,False,False,2021-07-03T20:55:59.701Z,2021-07-03T20:55:59.701Z
jKflIn8fqg,2021-07-01,220337.0,22.0,31.0,22.0,31.0,1.0,0.0,2.0,8.0,parse-cloud,_User$VgB5jSCEUE,Paraíba,Campina Grande,Paraíba,Campina Grande,False,False,2021-07-04T11:43:17.204Z,2021-07-04T11:43:17.204Z
F6J3mUMVDf,2021-07-02,220337.0,20.0,30.0,20.0,30.0,0.0,0.0,0.0,2.0,parse-cloud,_User$VgB5jSCEUE,Paraíba,Campina Grande,Paraíba,Campina Grande,False,False,2021-07-04T11:43:50.253Z,2021-07-04T11:43:50.253Z
H1gK0IIQIA,2021-07-03,220337.0,15.0,30.0,15.0,30.0,1.0,0.0,1.0,6.0,parse-cloud,_User$VgB5jSCEUE,Paraíba,Campina Grande,Paraíba,Campina Grande,False,False,2021-07-04T11:44:21.213Z,2021-07-04T11:44:21.213Z
Q3K3JUyzq0,2021-07-04,2363070.0,45.0,26.0,45.0,26.0,0.0,0.0,2.0,7.0,parse-cloud,_User$Eu3qeTtHXO,Paraíba,Campina Grande,Paraíba,Campina Grande,False,False,2021-07-04T21:42:25.954Z,2021-07-04T21:42:25.954Z
CuhafPbcnZ,2021-07-04,220337.0,22.0,30.0,22.0,30.0,0.0,0.0,1.0,2.0,parse-cloud,_User$VgB5jSCEUE,Paraíba,Campina Grande,Paraíba,Campina Grande,False,False,2021-07-05T13:59:14.809Z,2021-07-05T13:59:14.809Z
AsLYgtxtvX,2021-07-04,2676060.0,64.0,20.0,0.0,6.0,0.0,0.0,0.0,0.0,parse-cloud,_User$Kr8GF1edDx,Paraíba,Campina Grande,Paraíba,Campina Grande,False,False,2021-07-05T16:59:20.054Z,2021-07-05T16:59:20.054Z
hbm2uDxujP,2021-07-05,2676060.0,71.0,21.0,0.0,6.0,0.0,0.0,0.0,0.0,parse-cloud,_User$Kr8GF1edDx,Paraíba,Campina Grande,Paraíba,Campina Grande,False,False,2021-07-05T16:59:40.870Z,2021-07-05T16:59:40.870Z
8jxc6H0sm0,2021-07-05,2363070.0,34.0,22.0,34.0,22.0,0.0,16.0,6.0,0.0,parse-cloud,_User$Eu3qeTtHXO,Paraíba,Campina Grande,Paraíba,Campina Grande,False,False,2021-07-05T21:53:53.675Z,2021-07-05T21:53:53.675Z
m0K5KftchB,2021-07-06,2676060.0,76.0,20.0,0.0,4.0,0.0,0.0,1.0,0.0,parse-cloud,_User$Kr8GF1edDx,Paraíba,Campina Grande,Paraíba,Campina Grande,False,False,2021-07-06T16:10:57.005Z,2021-07-06T16:10:57.005Z
TGKTMTYwY9,2021-07-05,220337.0,16.0,32.0,16.0,32.0,0.0,1.0,0.0,5.0,parse-cloud,_User$VgB5jSCEUE,Paraíba,Campina Grande,Paraíba,Campina Grande,False,False,2021-07-07T11:11:02.775Z,2021-07-07T11:11:02.775Z
YDoCfHKffR,2021-07-06,220337.0,18.0,32.0,18.0,32.0,0.0,1.0,1.0,3.0,parse-cloud,_User$VgB5jSCEUE,Paraíba,Campina Grande,Paraíba,Campina Grande,False,False,2021-07-07T11:11:46.465Z,2021-07-07T11:11:46.465Z
BDmwlnFS3W,2021-07-07,2676060.0,84.0,20.0,0.0,3.0,0.0,1.0,0.0,0.0,parse-cloud,_User$Kr8GF1edDx,Paraíba,Campina Grande,Paraíba,Campina Grande,False,False,2021-07-07T19:57:59.663Z,2021-07-07T19:57:59.663Z
fAc4tXRbk8,2021-07-07,220337.0,20.0,29.0,20.0,29.0,0.0,0.0,0.0,4.0,parse-cloud,_User$VgB5jSCEUE,Paraíba,Campina Grande,Paraíba,Campina Grande,False,False,2021-07-08T15:12:23.629Z,2021-07-08T15:12:23.629Z
04HpWOihD0,2021-07-08,2676060.0,89.0,17.0,0.0,6.0,0.0,0.0,0.0,0.0,parse-cloud,_User$Kr8GF1edDx,Paraíba,Campina Grande,Paraíba,Campina Grande,False,False,2021-07-08T16:32:42.806Z,2021-07-08T16:32:42.806Z
l4Pb1zwfMf,2021-07-08,220337.0,22.0,25.0,22.0,25.0,4.0,0.0,1.0,4.0,parse-cloud,_User$VgB5jSCEUE,Paraíba,Campina Grande,Paraíba,Campina Grande,False,False,2021-07-08T20:14:50.324Z,2021-07-09T13:32:15.415Z
XDYlBwIYYL,2021-07-08,2363070.0,46.0,29.0,46.0,29.0,0.0,0.0,0.0,6.0,parse-cloud,_User$Eu3qeTtHXO,Paraíba,Campina Grande,Paraíba,Campina Grande,False,False,2021-07-08T21:38:59.563Z,2021-07-08T21:38:59.563Z
n4K4CFsvST,2021-07-09,2676060.0,91.0,16.0,0.0,4.0,0.0,0.0,0.0,0.0,parse-cloud,_User$Kr8GF1edDx,Paraíba,Campina Grande,Paraíba,Campina Grande,False,False,2021-07-09T16:10:29.645Z,2021-07-09T16:10:29.645Z
DGzYUGNGTD,2021-07-09,2363070.0,44.0,33.0,44.0,33.0,0.0,0.0,2.0,5.0,parse-cloud,_User$Eu3qeTtHXO,Paraíba,Campina Grande,Paraíba,Campina Grande,False,False,2021-07-09T21:44:23.226Z,2021-07-09T21:44:23.226Z
tVzijVfQRt,2021-07-09,220337.0,18.0,27.0,18.0,27.0,0.0,0.0,3.0,6.0,parse-cloud,_User$VgB5jSCEUE,Paraíba,Campina Grande,Paraíba,Campina Grande,False,False,2021-07-10T13:03:00.296Z,2021-07-10T13:03:00.296Z
6bEsfokgpA,2021-07-10,2363070.0,41.0,31.0,41.0,31.0,0.0,0.0,1.0,5.0,parse-cloud,_User$Eu3qeTtHXO,Paraíba,Campina Grande,Paraíba,Campina Grande,False,False,2021-07-10T21:16:58.982Z,2021-07-10T21:16:58.982Z
KClKXi6LO9,2021-07-10,2676060.0,78.0,19.0,0.0,4.0,0.0,0.0,0.0,0.0,parse-cloud,_User$Kr8GF1edDx,Paraíba,Campina Grande,Paraíba,Campina Grande,False,False,2021-07-11T03:33:42.560Z,2021-07-11T03:33:42.560Z
EHwrjQ0AwV,2021-07-11,2363070.0,38.0,30.0,38.0,30.0,0.0,0.0,0.0,5.0,parse-cloud,_User$Eu3qeTtHXO,Paraíba,Campina Grande,Paraíba,Campina Grande,False,False,2021-07-11T21:52:22.806Z,2021-07-11T21:52:22.806Z
SJmS8BMFFJ,2021-07-10,220337.0,19.0,22.0,19.0,22.0,1.0,2.0,0.0,4.0,parse-cloud,_User$VgB5jSCEUE,Paraíba,Campina Grande,Paraíba,Campina Grande,False,False,2021-07-11T21:52:31.065Z,2021-07-11T21:52:31.065Z
J2s3fktna6,2021-07-12,220337.0,17.0,25.0,17.0,25.0,2.0,1.0,1.0,1.0,parse-cloud,_User$VgB5jSCEUE,Paraíba,Campina Grande,Paraíba,Campina Grande,False,False,2021-07-12T15:41:23.949Z,2021-07-13T12:26:30.444Z
2bVtmKELgd,2021-07-11,220337.0,16.0,23.0,16.0,23.0,0.0,1.0,0.0,4.0,parse-cloud,_User$VgB5jSCEUE,Paraíba,Campina Grande,Paraíba,Campina Grande,False,False,2021-07-12T15:42:24.666Z,2021-07-12T15:42:24.666Z
aBdoY0kwui,2021-07-12,2363070.0,34.0,30.0,34.0,30.0,0.0,0.0,1.0,16.0,parse-cloud,_User$Eu3qeTtHXO,Paraíba,Campina Grande,Paraíba,Campina Grande,False,False,2021-07-12T21:48:44.734Z,2021-07-12T21:48:44.734Z
Kv4KpnmRej,2021-07-11,2676060.0,75.0,14.0,0.0,3.0,0.0,0.0,1.0,1.0,parse-cloud,_User$Kr8GF1edDx,Paraíba,Campina Grande,Paraíba,Campina Grande,False,False,2021-07-13T16:53:47.055Z,2021-07-13T16:53:47.055Z
4clxsgRcPQ,2021-07-12,2676060.0,76.0,14.0,0.0,3.0,0.0,0.0,0.0,0.0,parse-cloud,_User$Kr8GF1edDx,Paraíba,Campina Grande,Paraíba,Campina Grande,False,False,2021-07-13T16:55:52.575Z,2021-07-13T16:55:52.575Z
Cqe5mb9q8B,2021-07-13,2676060.0,78.0,14.0,0.0,3.0,0.0,1.0,0.0,0.0,parse-cloud,_User$Kr8GF1edDx,Paraíba,Campina Grande,Paraíba,Campina Grande,False,False,2021-07-13T16:57:21.958Z,2021-07-13T16:57:21.958Z
wNkhAIHO2u,2021-07-13,2363070.0,36.0,29.0,36.0,29.0,1.0,3.0,2.0,1.0,parse-cloud,_User$Eu3qeTtHXO,Paraíba,Campina Grande,Paraíba,Campina Grande,False,False,2021-07-13T21:35:00.970Z,2021-07-13T21:38:48.169Z
VDPiIo9qIj,2021-07-13,220337.0,16.0,29.0,16.0,29.0,0.0,0.0,0.0,4.0,parse-cloud,_User$VgB5jSCEUE,Paraíba,Campina Grande,Paraíba,Campina Grande,False,False,2021-07-14T14:49:36.579Z,2021-07-14T14:50:06.476Z
JYeGbEqWXe,2021-07-14,2676060.0,86.0,14.0,0.0,3.0,0.0,1.0,0.0,0.0,parse-cloud,_User$Kr8GF1edDx,Paraíba,Campina Grande,Paraíba,Campina Grande,False,False,2021-07-14T16:25:05.077Z,2021-07-14T16:25:05.077Z
uJk0Jz6NRI,2021-07-14,2363070.0,41.0,28.0,41.0,28.0,0.0,0.0,0.0,2.0,parse-cloud,_User$Eu3qeTtHXO,Paraíba,Campina Grande,Paraíba,Campina Grande,False,False,2021-07-14T22:02:21.856Z,2021-07-14T22:02:21.856Z
i6C2zjHjHD,2021-07-15,2363070.0,39.0,27.0,39.0,27.0,0.0,7.0,0.0,0.0,parse-cloud,_User$Eu3qeTtHXO,Paraíba,Campina Grande,Paraíba,Campina Grande,False,False,2021-07-15T21:52:51.215Z,2021-07-15T21:52:51.215Z
YEUH1xShG1,2021-07-15,2676060.0,80.0,14.0,0.0,2.0,0.0,0.0,1.0,0.0,parse-cloud,_User$Kr8GF1edDx,Paraíba,Campina Grande,Paraíba,Campina Grande,False,False,2021-07-16T12:21:16.786Z,2021-07-16T12:21:16.786Z
q94MIka47t,2021-07-14,220337.0,21.0,28.0,21.0,28.0,0.0,0.0,1.0,5.0,parse-cloud,_User$VgB5jSCEUE,Paraíba,Campina Grande,Paraíba,Campina Grande,False,False,2021-07-16T13:27:37.926Z,2021-07-16T13:27:37.926Z
z5Lj9zAnP7,2021-07-15,220337.0,24.0,26.0,24.0,26.0,0.0,4.0,0.0,3.0,parse-cloud,_User$VgB5jSCEUE,Paraíba,Campina Grande,Paraíba,Campina Grande,False,False,2021-07-16T13:28:11.893Z,2021-07-16T13:28:11.893Z
WZQxHTMjg3,2021-07-16,2676060.0,0.0,16.0,0.0,3.0,0.0,0.0,0.0,0.0,parse-cloud,_User$Kr8GF1edDx,Paraíba,Campina Grande,Paraíba,Campina Grande,False,False,2021-07-16T18:30:39.692Z,2021-07-16T18:30:39.692Z
U8WSPPvyxl,2021-07-16,2363070.0,34.0,28.0,34.0,28.0,0.0,0.0,0.0,9.0,parse-cloud,_User$Eu3qeTtHXO,Paraíba,Campina Grande,Paraíba,Campina Grande,False,False,2021-07-16T21:26:15.051Z,2021-07-16T21:26:15.051Z
eTxj4bE0ru,2021-07-16,220337.0,22.0,29.0,22.0,29.0,0.0,3.0,0.0,4.0,parse-cloud,_User$VgB5jSCEUE,Paraíba,Campina Grande,Paraíba,Campina Grande,False,False,2021-07-17T13:32:54.625Z,2021-07-17T13:32:54.625Z
dcRpBmtTOP,2021-07-17,2363070.0,33.0,28.0,33.0,28.0,0.0,0.0,1.0,5.0,parse-cloud,_User$Eu3qeTtHXO,Paraíba,Campina Grande,Paraíba,Campina Grande,False,False,2021-07-17T20:54:37.852Z,2021-07-17T21:12:23.023Z
4MhCI45aAk,2021-07-18,2363070.0,25.0,27.0,25.0,27.0,0.0,0.0,1.0,10.0,parse-cloud,_User$Eu3qeTtHXO,Paraíba,Campina Grande,Paraíba,Campina Grande,False,False,2021-07-18T21:03:44.071Z,2021-07-18T21:03:44.071Z
cunrSOY3RT,2021-07-17,220337.0,23.0,29.0,23.0,29.0,0.0,1.0,1.0,4.0,parse-cloud,_User$VgB5jSCEUE,Paraíba,Campina Grande,Paraíba,Campina Grande,False,False,2021-07-19T19:55:43.488Z,2021-07-19T19:55:43.488Z
PRVxcAnGLz,2021-07-18,220337.0,18.0,30.0,18.0,30.0,0.0,0.0,3.0,3.0,parse-cloud,_User$VgB5jSCEUE,Paraíba,Campina Grande,Paraíba,Campina Grande,False,False,2021-07-19T19:56:50.751Z,2021-07-19T19:56:50.751Z
qpkl5f3y5K,2021-07-17,2676060.0,68.0,13.0,0.0,3.0,0.0,0.0,0.0,0.0,parse-cloud,_User$Kr8GF1edDx,Paraíba,Campina Grande,Paraíba,Campina Grande,False,False,2021-07-19T21:16:41.345Z,2021-07-19T21:16:41.345Z
PLHuDPej7b,2021-07-18,2676060.0,59.0,17.0,0.0,2.0,0.0,0.0,0.0,0.0,parse-cloud,_User$Kr8GF1edDx,Paraíba,Campina Grande,Paraíba,Campina Grande,False,False,2021-07-19T21:20:31.759Z,2021-07-19T21:20:31.759Z
jhUWDZcM78,2021-07-19,2676060.0,68.0,18.0,0.0,4.0,0.0,0.0,1.0,0.0,parse-cloud,_User$Kr8GF1edDx,Paraíba,Campina Grande,Paraíba,Campina Grande,False,False,2021-07-19T21:23:50.719Z,2021-07-19T21:23:50.719Z
c6ol57ujqt,2021-07-19,2363070.0,25.0,27.0,25.0,27.0,0.0,0.0,1.0,5.0,parse-cloud,_User$Eu3qeTtHXO,Paraíba,Campina Grande,Paraíba,Campina Grande,False,False,2021-07-19T21:53:29.217Z,2021-07-19T21:53:29.217Z
PerguT6gZ3,2021-07-19,220337.0,17.0,30.0,17.0,30.0,1.0,1.0,1.0,3.0,parse-cloud,_User$VgB5jSCEUE,Paraíba,Campina Grande,Paraíba,Campina Grande,False,False,2021-07-20T12:04:00.240Z,2021-07-20T12:04:00.240Z
CF4lIWgDK8,2021-07-20,2676060.0,68.0,15.0,0.0,3.0,0.0,0.0,0.0,0.0,parse-cloud,_User$Kr8GF1edDx,Paraíba,Campina Grande,Paraíba,Campina Grande,False,False,2021-07-20T17:21:04.863Z,2021-07-20T17:21:04.863Z
OLP8obcwLA,2021-07-20,2363070.0,26.0,30.0,26.0,30.0,0.0,0.0,0.0,7.0,parse-cloud,_User$Eu3qeTtHXO,Paraíba,Campina Grande,Paraíba,Campina Grande,False,False,2021-07-20T21:36:03.350Z,2021-07-20T21:36:03.350Z
ZXnvuZSPpk,2021-07-21,2676060.0,74.0,19.0,0.0,3.0,0.0,0.0,0.0,0.0,parse-cloud,_User$Kr8GF1edDx,Paraíba,Campina Grande,Paraíba,Campina Grande,False,False,2021-07-21T16:47:48.889Z,2021-07-21T16:47:48.889Z
K1nBDmS5Dn,2021-07-20,220337.0,18.0,31.0,18.0,31.0,0.0,0.0,0.0,4.0,parse-cloud,_User$VgB5jSCEUE,Paraíba,Campina Grande,Paraíba,Campina Grande,False,False,2021-07-21T18:09:39.495Z,2021-07-21T18:09:39.495Z
VyYEhE622B,2021-07-21,2363070.0,19.0,32.0,19.0,32.0,0.0,0.0,1.0,6.0,parse-cloud,_User$Eu3qeTtHXO,Paraíba,Campina Grande,Paraíba,Campina Grande,False,False,2021-07-21T21:16:10.741Z,2021-07-21T21:16:10.741Z
epsZgw5d7D,2021-07-21,220337.0,17.0,32.0,17.0,32.0,0.0,0.0,0.0,1.0,parse-cloud,_User$VgB5jSCEUE,Paraíba,Campina Grande,Paraíba,Campina Grande,False,False,2021-07-22T13:58:02.054Z,2021-07-22T13:58:02.054Z
pL7S4b2Jjq,2021-07-22,220337.0,22.0,32.0,22.0,32.0,0.0,0.0,0.0,3.0,parse-cloud,_User$VgB5jSCEUE,Paraíba,Campina Grande,Paraíba,Campina Grande,False,False,2021-07-23T14:09:30.450Z,2021-07-23T14:09:30.450Z
LTM3MuxqSM,2021-07-22,2676060.0,74.0,13.0,0.0,2.0,0.0,0.0,0.0,0.0,parse-cloud,_User$Kr8GF1edDx,Paraíba,Campina Grande,Paraíba,Campina Grande,False,False,2021-07-23T15:30:08.704Z,2021-07-23T15:30:08.704Z
8hakWjUCjW,2021-07-23,2676060.0,74.0,14.0,0.0,2.0,0.0,0.0,0.0,0.0,parse-cloud,_User$Kr8GF1edDx,Paraíba,Campina Grande,Paraíba,Campina Grande,False,False,2021-07-23T15:33:18.456Z,2021-07-23T15:33:18.456Z
D7m17NEsIU,2021-07-23,2363070.0,27.0,24.0,27.0,24.0,0.0,0.0,3.0,4.0,parse-cloud,_User$Eu3qeTtHXO,Paraíba,Campina Grande,Paraíba,Campina Grande,False,False,2021-07-23T21:47:40.662Z,2021-07-23T21:47:40.662Z
KEVGuZt5UP,2021-07-23,220337.0,22.0,33.0,22.0,33.0,0.0,0.0,1.0,1.0,parse-cloud,_User$VgB5jSCEUE,Paraíba,Campina Grande,Paraíba,Campina Grande,False,False,2021-07-25T12:53:06.935Z,2021-07-25T12:53:06.935Z
cDdjEJpt7R,2021-07-24,220337.0,17.0,32.0,17.0,32.0,0.0,3.0,0.0,6.0,parse-cloud,_User$VgB5jSCEUE,Paraíba,Campina Grande,Paraíba,Campina Grande,False,False,2021-07-25T12:54:00.867Z,2021-07-25T12:54:00.867Z
qrSLvZm9uB,2021-07-24,2676060.0,70.0,11.0,0.0,2.0,0.0,0.0,0.0,0.0,parse-cloud,_User$Kr8GF1edDx,Paraíba,Campina Grande,Paraíba,Campina Grande,False,False,2021-07-25T12:57:19.105Z,2021-07-25T12:57:19.105Z
cuCxFoLShT,2021-07-25,2676060.0,61.0,13.0,0.0,2.0,0.0,0.0,0.0,0.0,parse-cloud,_User$Kr8GF1edDx,Paraíba,Campina Grande,Paraíba,Campina Grande,False,False,2021-07-25T16:25:03.741Z,2021-07-25T16:25:03.741Z
H01vaWMIpK,2021-07-25,2363070.0,24.0,25.0,24.0,25.0,0.0,0.0,3.0,6.0,parse-cloud,_User$Eu3qeTtHXO,Paraíba,Campina Grande,Paraíba,Campina Grande,False,False,2021-07-25T21:55:07.827Z,2021-07-25T21:55:07.827Z
z4ZPZKjLDf,2021-07-25,2363070.0,24.0,25.0,24.0,25.0,0.0,0.0,3.0,6.0,parse-cloud,_User$Eu3qeTtHXO,Paraíba,Campina Grande,Paraíba,Campina Grande,False,False,2021-07-25T21:55:07.841Z,2021-07-25T21:55:07.841Z
HX8FUbXi1q,2021-07-25,220337.0,17.0,28.0,17.0,28.0,1.0,1.0,1.0,4.0,parse-cloud,_User$VgB5jSCEUE,Paraíba,Campina Grande,Paraíba,Campina Grande,False,False,2021-07-26T11:55:52.329Z,2021-07-26T11:55:52.329Z
ac7KgsHItF,2021-07-26,2676060.0,70.0,15.0,0.0,1.0,0.0,0.0,0.0,0.0,parse-cloud,_User$Kr8GF1edDx,Paraíba,Campina Grande,Paraíba,Campina Grande,False,False,2021-07-26T17:18:20.667Z,2021-07-26T17:18:20.667Z
41LCgLRqvP,2021-07-26,2363070.0,23.0,24.0,23.0,24.0,0.0,6.0,1.0,0.0,parse-cloud,_User$Eu3qeTtHXO,Paraíba,Campina Grande,Paraíba,Campina Grande,False,False,2021-07-26T22:07:15.123Z,2021-07-26T22:07:15.123Z
3VEAatiG7m,2021-07-26,220337.0,17.0,29.0,17.0,29.0,1.0,0.0,0.0,1.0,parse-cloud,_User$VgB5jSCEUE,Paraíba,Campina Grande,Paraíba,Campina Grande,False,False,2021-07-27T14:49:24.320Z,2021-07-27T14:49:24.320Z
4LAmyEgtce,2021-07-27,2676060.0,76.0,14.0,0.0,2.0,0.0,0.0,0.0,0.0,parse-cloud,_User$Kr8GF1edDx,Paraíba,Campina Grande,Paraíba,Campina Grande,False,False,2021-07-27T16:59:24.585Z,2021-07-27T16:59:24.585Z
D2SPVU5Enz,2021-07-27,2363070.0,25.0,19.0,25.0,19.0,0.0,0.0,1.0,5.0,parse-cloud,_User$Eu3qeTtHXO,Paraíba,Campina Grande,Paraíba,Campina Grande,False,False,2021-07-27T22:33:33.453Z,2021-07-27T22:33:33.453Z
0TOeTjyJaf,2021-07-27,220337.0,16.0,27.0,16.0,27.0,0.0,2.0,0.0,1.0,parse-cloud,_User$VgB5jSCEUE,Paraíba,Campina Grande,Paraíba,Campina Grande,False,False,2021-07-28T11:24:28.512Z,2021-07-28T11:24:28.512Z
EAWAgXgecX,2021-07-28,2676060.0,77.0,14.0,0.0,3.0,0.0,0.0,0.0,0.0,parse-cloud,_User$Kr8GF1edDx,Paraíba,Campina Grande,Paraíba,Campina Grande,False,False,2021-07-28T16:11:02.099Z,2021-07-28T16:11:02.099Z
ffHh9PEz0w,2021-07-28,2363070.0,29.0,18.0,29.0,18.0,0.0,0.0,0.0,3.0,parse-cloud,_User$Eu3qeTtHXO,Paraíba,Campina Grande,Paraíba,Campina Grande,False,False,2021-07-28T21:26:40.588Z,2021-07-28T21:26:40.588Z
D1qyxvxdLB,2021-07-29,2676060.0,75.0,14.0,0.0,3.0,0.0,0.0,0.0,0.0,parse-cloud,_User$Kr8GF1edDx,Paraíba,Campina Grande,Paraíba,Campina Grande,False,False,2021-07-29T16:34:52.724Z,2021-07-29T16:34:52.724Z
dyKUfluuta,2021-07-28,220337.0,21.0,24.0,21.0,24.0,0.0,0.0,1.0,1.0,parse-cloud,_User$VgB5jSCEUE,Paraíba,Campina Grande,Paraíba,Campina Grande,False,False,2021-07-29T17:23:30.312Z,2021-07-29T17:23:30.312Z
QUqnPX38Au,2021-07-29,2363070.0,32.0,19.0,32.0,19.0,0.0,0.0,1.0,4.0,parse-cloud,_User$Eu3qeTtHXO,Paraíba,Campina Grande,Paraíba,Campina Grande,False,False,2021-07-29T21:47:48.347Z,2021-07-29T21:47:48.347Z
nsVIEUfxxo,2021-07-30,2363070.0,32.0,15.0,32.0,15.0,0.0,0.0,1.0,1.0,parse-cloud,_User$Eu3qeTtHXO,Paraíba,Campina Grande,Paraíba,Campina Grande,False,False,2021-07-30T14:49:39.577Z,2021-07-30T14:49:39.577Z
JzO7DDcmZF,2021-07-29,220337.0,20.0,23.0,21.0,23.0,1.0,1.0,0.0,3.0,parse-cloud,_User$VgB5jSCEUE,Paraíba,Campina Grande,Paraíba,Campina Grande,False,False,2021-07-30T14:57:35.278Z,2021-07-30T14:57:35.278Z
pt5XC8GKFR,2021-07-30,2676060.0,65.0,14.0,0.0,2.0,0.0,0.0,0.0,0.0,parse-cloud,_User$Kr8GF1edDx,Paraíba,Campina Grande,Paraíba,Campina Grande,False,False,2021-07-30T15:48:51.208Z,2021-07-30T15:48:51.208Z
OBeVkWn2Lz,2021-07-30,220337.0,18.0,18.0,18.0,18.0,1.0,1.0,1.0,5.0,parse-cloud,_User$VgB5jSCEUE,Paraíba,Campina Grande,Paraíba,Campina Grande,False,False,2021-07-31T12:48:23.751Z,2021-07-31T12:48:23.751Z
CIvgecUPnM,2021-07-31,220337.0,10.0,20.0,10.0,20.0,0.0,3.0,2.0,5.0,parse-cloud,_User$VgB5jSCEUE,Paraíba,Campina Grande,Paraíba,Campina Grande,False,False,2021-08-01T11:23:14.136Z,2021-08-01T11:23:14.136Z
waoYB80FLX,2021-08-01,2363070.0,31.0,18.0,31.0,18.0,0.0,0.0,2.0,6.0,parse-cloud,_User$Eu3qeTtHXO,Paraíba,Campina Grande,Paraíba,Campina Grande,False,False,2021-08-01T21:48:45.608Z,2021-08-01T21:48:45.608Z
0iRzHvocJ9,2021-08-01,2676060.0,56.0,12.0,0.0,5.0,0.0,0.0,0.0,0.0,parse-cloud,_User$Kr8GF1edDx,Paraíba,Campina Grande,Paraíba,Campina Grande,False,False,2021-08-02T11:38:09.152Z,2021-08-02T11:38:09.152Z
PejmA9jbAg,2021-08-01,220337.0,11.0,18.0,11.0,18.0,0.0,0.0,1.0,6.0,parse-cloud,_User$VgB5jSCEUE,Paraíba,Campina Grande,Paraíba,Campina Grande,False,False,2021-08-02T15:04:55.989Z,2021-08-02T15:04:55.989Z
ZVmeqO7zF3,2021-08-02,2676060.0,62.0,13.0,0.0,5.0,0.0,0.0,0.0,0.0,parse-cloud,_User$Kr8GF1edDx,Paraíba,Campina Grande,Paraíba,Campina Grande,False,False,2021-08-02T15:36:35.200Z,2021-08-02T15:36:35.200Z
0AudMox2SX,2021-07-31,2676060.0,63.0,12.0,0.0,4.0,0.0,0.0,0.0,0.0,parse-cloud,_User$Kr8GF1edDx,Paraíba,Campina Grande,Paraíba,Campina Grande,False,False,2021-08-02T18:52:24.700Z,2021-08-02T18:52:24.700Z
1Ac18AMBFG,2021-08-02,2363070.0,27.0,21.0,27.0,21.0,0.0,5.0,0.0,0.0,parse-cloud,_User$Eu3qeTtHXO,Paraíba,Campina Grande,Paraíba,Campina Grande,False,False,2021-08-02T21:47:12.454Z,2021-08-02T21:47:12.454Z
F3bFPBJrrV,2021-08-01,2362287.0,54.0,11.0,0.0,0.0,0.0,0.0,0.0,0.0,parse-cloud,_User$JERHxuCJ0m,Paraíba,Campina Grande,Paraíba,Campina Grande,False,False,2021-08-02T23:09:04.728Z,2021-08-07T13:49:53.529Z
Asu0T5aRwN,2021-07-31,2362287.0,64.0,11.0,0.0,0.0,0.0,0.0,0.0,0.0,parse-cloud,_User$JERHxuCJ0m,Paraíba,Campina Grande,Paraíba,Campina Grande,False,False,2021-08-02T23:11:50.056Z,2021-08-02T23:11:50.056Z
geouMRbB9x,2021-08-02,2362287.0,59.0,10.0,0.0,0.0,0.0,0.0,0.0,0.0,parse-cloud,_User$JERHxuCJ0m,Paraíba,Campina Grande,Paraíba,Campina Grande,False,False,2021-08-02T23:14:41.638Z,2021-08-12T23:47:09.445Z
cQ37zjstAh,2021-08-02,220337.0,12.0,17.0,12.0,17.0,0.0,0.0,0.0,0.0,parse-cloud,_User$VgB5jSCEUE,Paraíba,Campina Grande,Paraíba,Campina Grande,False,False,2021-08-03T13:51:12.284Z,2021-08-04T13:11:58.851Z
ZJ4kvEK3vG,2021-08-03,2363070.0,26.0,22.0,26.0,22.0,0.0,0.0,3.0,7.0,parse-cloud,_User$Eu3qeTtHXO,Paraíba,Campina Grande,Paraíba,Campina Grande,False,False,2021-08-03T21:08:10.539Z,2021-08-03T21:08:10.539Z
a40bFpDDeg,2021-08-03,220337.0,8.0,16.0,8.0,16.0,0.0,3.0,2.0,3.0,parse-cloud,_User$VgB5jSCEUE,Paraíba,Campina Grande,Paraíba,Campina Grande,False,False,2021-08-04T13:12:27.452Z,2021-08-11T12:57:08.138Z
HHEOfgXIRz,2021-08-03,2676060.0,73.0,19.0,0.0,5.0,0.0,0.0,0.0,0.0,parse-cloud,_User$Kr8GF1edDx,Paraíba,Campina Grande,Paraíba,Campina Grande,False,False,2021-08-04T14:25:17.505Z,2021-08-04T14:25:17.505Z
fGpJJkHaKN,2021-08-04,2676060.0,77.0,18.0,0.0,5.0,0.0,0.0,0.0,0.0,parse-cloud,_User$Kr8GF1edDx,Paraíba,Campina Grande,Paraíba,Campina Grande,False,False,2021-08-04T16:38:55.090Z,2021-08-04T16:38:55.090Z
gw37zKe5PW,2021-08-04,2363070.0,26.0,22.0,26.0,22.0,0.0,0.0,0.0,4.0,parse-cloud,_User$Eu3qeTtHXO,Paraíba,Campina Grande,Paraíba,Campina Grande,False,False,2021-08-04T21:29:21.118Z,2021-08-04T21:29:21.118Z
agvQ9ji0Dz,2021-08-04,220337.0,8.0,17.0,8.0,17.0,0.0,0.0,0.0,0.0,parse-cloud,_User$VgB5jSCEUE,Paraíba,Campina Grande,Paraíba,Campina Grande,False,False,2021-08-05T15:14:46.100Z,2021-08-05T15:14:46.100Z
87g3JAJ5B2,2021-08-05,2676060.0,75.0,14.0,0.0,3.0,0.0,0.0,0.0,0.0,parse-cloud,_User$Kr8GF1edDx,Paraíba,Campina Grande,Paraíba,Campina Grande,False,False,2021-08-05T15:43:08.636Z,2021-08-05T15:43:08.636Z
CWkagLHYdY,2021-08-05,220337.0,11.0,14.0,11.0,14.0,0.0,0.0,1.0,1.0,parse-cloud,_User$VgB5jSCEUE,Paraíba,Campina Grande,Paraíba,Campina Grande,False,False,2021-08-06T15:52:43.235Z,2021-08-06T15:57:24.637Z
9tVuvf9DCk,2021-06-18,220337.0,40.0,51.0,40.0,51.0,0.0,2.0,5.0,8.0,parse-cloud,_User$VgB5jSCEUE,Paraíba,Campina Grande,Paraíba,Campina Grande,False,False,2021-08-06T15:54:00.067Z,2021-08-06T15:54:00.067Z
n6pz9A8Jld,2021-08-06,2676060.0,75.0,17.0,0.0,2.0,0.0,0.0,0.0,0.0,parse-cloud,_User$Kr8GF1edDx,Paraíba,Campina Grande,Paraíba,Campina Grande,False,False,2021-08-06T16:00:30.758Z,2021-08-06T16:00:30.758Z
ZH7Q2CkhZm,2021-08-06,2363070.0,20.0,19.0,20.0,19.0,0.0,0.0,0.0,7.0,parse-cloud,_User$Eu3qeTtHXO,Paraíba,Campina Grande,Paraíba,Campina Grande,False,False,2021-08-06T21:00:03.803Z,2021-08-06T21:00:03.803Z
l1Rhdg7AIw,2021-08-06,220337.0,10.0,14.0,10.0,14.0,0.0,0.0,1.0,2.0,parse-cloud,_User$VgB5jSCEUE,Paraíba,Campina Grande,Paraíba,Campina Grande,False,False,2021-08-07T12:52:34.731Z,2021-08-07T12:52:34.731Z
gVmjdr83bo,2021-08-07,2363070.0,20.0,15.0,20.0,15.0,0.0,0.0,2.0,0.0,parse-cloud,_User$Eu3qeTtHXO,Paraíba,Campina Grande,Paraíba,Campina Grande,False,False,2021-08-07T14:13:46.715Z,2021-08-07T14:13:46.715Z
2RwxXNrHDs,2021-08-07,220337.0,10.0,14.0,10.0,14.0,0.0,0.0,0.0,0.0,parse-cloud,_User$VgB5jSCEUE,Paraíba,Campina Grande,Paraíba,Campina Grande,False,False,2021-08-08T11:26:20.465Z,2021-08-08T11:26:20.465Z
dT2QaJhZar,2021-08-08,2363070.0,21.0,17.0,21.0,17.0,0.0,0.0,0.0,1.0,parse-cloud,_User$Eu3qeTtHXO,Paraíba,Campina Grande,Paraíba,Campina Grande,False,False,2021-08-08T15:51:42.040Z,2021-08-08T15:51:42.040Z
p74HTFM0Gx,2021-08-08,220337.0,12.0,12.0,12.0,12.0,0.0,0.0,1.0,1.0,parse-cloud,_User$VgB5jSCEUE,Paraíba,Campina Grande,Paraíba,Campina Grande,False,False,2021-08-09T12:21:16.897Z,2021-08-09T12:21:16.897Z
Ej8RbnevQU,2021-08-07,2676060.0,66.0,16.0,0.0,2.0,0.0,0.0,0.0,0.0,parse-cloud,_User$Kr8GF1edDx,Paraíba,Campina Grande,Paraíba,Campina Grande,False,False,2021-08-09T13:25:18.179Z,2021-08-09T13:25:18.179Z
BcE2dTqdcM,2021-08-08,2676060.0,66.0,16.0,0.0,2.0,0.0,0.0,0.0,0.0,parse-cloud,_User$Kr8GF1edDx,Paraíba,Campina Grande,Paraíba,Campina Grande,False,False,2021-08-09T13:30:15.443Z,2021-08-09T13:30:15.443Z
sZF0sIFiRl,2021-08-09,2363070.0,21.0,17.0,21.0,17.0,0.0,0.0,1.0,4.0,parse-cloud,_User$Eu3qeTtHXO,Paraíba,Campina Grande,Paraíba,Campina Grande,False,False,2021-08-09T21:45:00.424Z,2021-08-09T21:45:00.424Z
llTCIHzFLC,2021-08-09,220337.0,8.0,13.0,8.0,13.0,0.0,1.0,0.0,2.0,parse-cloud,_User$VgB5jSCEUE,Paraíba,Campina Grande,Paraíba,Campina Grande,False,False,2021-08-10T12:51:57.380Z,2021-08-11T12:39:09.899Z
Pak92OFvTc,2021-08-10,2676060.0,75.0,17.0,0.0,3.0,0.0,0.0,0.0,0.0,parse-cloud,_User$Kr8GF1edDx,Paraíba,Campina Grande,Paraíba,Campina Grande,False,False,2021-08-10T16:12:27.672Z,2021-08-10T16:12:27.672Z
8ljsKGIxAR,2021-08-09,2676060.0,71.0,18.0,0.0,3.0,0.0,0.0,0.0,0.0,parse-cloud,_User$Kr8GF1edDx,Paraíba,Campina Grande,Paraíba,Campina Grande,False,False,2021-08-10T16:15:50.102Z,2021-08-10T16:15:50.102Z
LO4O13gFTM,2021-08-10,2363070.0,23.0,15.0,23.0,15.0,0.0,0.0,0.0,2.0,parse-cloud,_User$Eu3qeTtHXO,Paraíba,Campina Grande,Paraíba,Campina Grande,False,False,2021-08-10T16:39:07.761Z,2021-08-10T16:39:07.761Z
szQW1ZIMvw,2021-08-10,220337.0,8.0,12.0,8.0,12.0,0.0,1.0,0.0,2.0,parse-cloud,_User$VgB5jSCEUE,Paraíba,Campina Grande,Paraíba,Campina Grande,False,False,2021-08-11T12:38:41.011Z,2021-08-11T12:57:54.412Z
Bo5azE24Ca,2021-08-11,2676060.0,79.0,15.0,0.0,1.0,0.0,0.0,0.0,0.0,parse-cloud,_User$Kr8GF1edDx,Paraíba,Campina Grande,Paraíba,Campina Grande,False,False,2021-08-11T16:12:43.132Z,2021-08-11T16:12:43.132Z
GpEZgFX0UF,2021-08-11,2363070.0,23.0,17.0,23.0,17.0,0.0,0.0,10.0,6.0,parse-cloud,_User$Eu3qeTtHXO,Paraíba,Campina Grande,Paraíba,Campina Grande,False,False,2021-08-11T21:54:15.317Z,2021-08-11T21:54:15.317Z
OZijzzcYvm,2021-08-11,220337.0,10.0,12.0,10.0,12.0,0.0,0.0,1.0,0.0,parse-cloud,_User$VgB5jSCEUE,Paraíba,Campina Grande,Paraíba,Campina Grande,False,False,2021-08-12T13:20:50.229Z,2021-08-12T13:20:50.229Z
uOtTkT53tt,2021-08-12,2676060.0,84.0,13.0,0.0,3.0,0.0,0.0,0.0,0.0,parse-cloud,_User$Kr8GF1edDx,Paraíba,Campina Grande,Paraíba,Campina Grande,False,False,2021-08-12T16:51:20.909Z,2021-08-12T16:51:20.909Z
cOGPyZve5h,2021-08-12,2363070.0,19.0,19.0,19.0,19.0,0.0,0.0,2.0,4.0,parse-cloud,_User$Eu3qeTtHXO,Paraíba,Campina Grande,Paraíba,Campina Grande,False,False,2021-08-12T21:40:43.920Z,2021-08-12T21:40:43.920Z
OWzs0n9TRK,2021-08-12,220337.0,9.0,13.0,9.0,13.0,0.0,0.0,0.0,1.0,parse-cloud,_User$VgB5jSCEUE,Paraíba,Campina Grande,Paraíba,Campina Grande,False,False,2021-08-13T11:46:17.687Z,2021-08-13T11:46:17.687Z
ZgCPItnw7m,2021-08-13,2363070.0,20.0,19.0,20.0,19.0,0.0,1.0,2.0,0.0,parse-cloud,_User$Eu3qeTtHXO,Paraíba,Campina Grande,Paraíba,Campina Grande,False,False,2021-08-13T21:44:01.334Z,2021-08-13T21:44:01.334Z
QuYuZNLtGL,2021-08-13,220337.0,10.0,11.0,10.0,11.0,2.0,1.0,0.0,0.0,parse-cloud,_User$VgB5jSCEUE,Paraíba,Campina Grande,Paraíba,Campina Grande,False,False,2021-08-14T12:35:00.080Z,2021-08-14T12:35:00.080Z
VSG9sZtOFd,2021-08-14,2363070.0,16.0,18.0,16.0,18.0,0.0,2.0,0.0,0.0,parse-cloud,_User$Eu3qeTtHXO,Paraíba,Campina Grande,Paraíba,Campina Grande,False,False,2021-08-14T15:49:11.276Z,2021-08-14T15:49:11.276Z
h8GAgLsjvU,2021-08-14,220337.0,11.0,11.0,11.0,11.0,0.0,0.0,1.0,3.0,parse-cloud,_User$VgB5jSCEUE,Paraíba,Campina Grande,Paraíba,Campina Grande,False,False,2021-08-15T20:18:45.799Z,2021-08-15T20:18:45.799Z
e7I0pE88d1,2021-08-14,2676060.0,67.0,12.0,0.0,2.0,0.0,0.0,0.0,0.0,parse-cloud,_User$Kr8GF1edDx,Paraíba,Campina Grande,Paraíba,Campina Grande,False,False,2021-08-16T11:24:31.991Z,2021-08-16T11:24:31.991Z
aJzyt694V3,2021-08-13,2676060.0,73.0,14.0,0.0,2.0,0.0,0.0,0.0,0.0,parse-cloud,_User$Kr8GF1edDx,Paraíba,Campina Grande,Paraíba,Campina Grande,False,False,2021-08-16T11:52:47.034Z,2021-08-16T11:52:47.034Z
5ETsnQjpTE,2021-08-15,2676060.0,58.0,12.0,0.0,2.0,0.0,0.0,0.0,0.0,parse-cloud,_User$Kr8GF1edDx,Paraíba,Campina Grande,Paraíba,Campina Grande,False,False,2021-08-16T11:53:16.996Z,2021-08-16T11:53:16.996Z
hlVeN6W7ns,2021-08-16,2676060.0,72.0,14.0,0.0,2.0,0.0,0.0,0.0,0.0,parse-cloud,_User$Kr8GF1edDx,Paraíba,Campina Grande,Paraíba,Campina Grande,False,False,2021-08-16T17:38:58.123Z,2021-08-16T17:38:58.123Z
yE3rjrUh3B,2021-08-16,2363070.0,18.0,22.0,18.0,22.0,0.0,0.0,2.0,1.0,parse-cloud,_User$Eu3qeTtHXO,Paraíba,Campina Grande,Paraíba,Campina Grande,False,False,2021-08-16T21:54:59.517Z,2021-08-16T21:54:59.517Z
cC5f3tOU8O,2021-08-15,220337.0,8.0,12.0,8.0,12.0,0.0,0.0,0.0,3.0,parse-cloud,_User$VgB5jSCEUE,Paraíba,Campina Grande,Paraíba,Campina Grande,False,False,2021-08-17T12:12:19.889Z,2021-08-17T12:12:19.889Z
kYdHw2gxPh,2021-08-16,220337.0,11.0,14.0,11.0,14.0,0.0,0.0,1.0,1.0,parse-cloud,_User$VgB5jSCEUE,Paraíba,Campina Grande,Paraíba,Campina Grande,False,False,2021-08-17T12:13:09.927Z,2021-08-17T14:19:13.913Z
40F5mtHDnX,2021-08-17,2676060.0,77.0,12.0,0.0,2.0,0.0,0.0,0.0,0.0,parse-cloud,_User$Kr8GF1edDx,Paraíba,Campina Grande,Paraíba,Campina Grande,False,False,2021-08-17T17:24:16.462Z,2021-08-17T17:24:16.462Z
Em6S3fXyhT,2021-08-17,2363070.0,20.0,20.0,20.0,20.0,0.0,0.0,2.0,4.0,parse-cloud,_User$Eu3qeTtHXO,Paraíba,Campina Grande,Paraíba,Campina Grande,False,False,2021-08-17T21:49:46.686Z,2021-08-17T21:49:46.686Z
cw7MKlvF4c,2021-08-17,220337.0,10.0,18.0,10.0,12.0,0.0,0.0,1.0,0.0,parse-cloud,_User$VgB5jSCEUE,Paraíba,Campina Grande,Paraíba,Campina Grande,False,False,2021-08-18T13:49:57.460Z,2021-08-18T13:49:57.460Z
uT6k4ryjzv,2021-08-18,2363070.0,25.0,20.0,25.0,20.0,0.0,0.0,1.0,2.0,parse-cloud,_User$Eu3qeTtHXO,Paraíba,Campina Grande,Paraíba,Campina Grande,False,False,2021-08-18T16:04:02.919Z,2021-08-18T16:04:02.919Z
YVaSwKL3zb,2021-08-18,2676060.0,77.0,18.0,0.0,2.0,0.0,0.0,0.0,0.0,parse-cloud,_User$Kr8GF1edDx,Paraíba,Campina Grande,Paraíba,Campina Grande,False,False,2021-08-19T11:06:23.788Z,2021-08-20T10:54:40.144Z
CjIDmKS8CF,2021-08-18,220337.0,12.0,19.0,12.0,14.0,0.0,2.0,0.0,1.0,parse-cloud,_User$VgB5jSCEUE,Paraíba,Campina Grande,Paraíba,Campina Grande,False,False,2021-08-19T14:20:07.040Z,2021-08-19T16:20:02.433Z
SwNT3QfxlL,2021-08-19,2363070.0,22.0,20.0,22.0,20.0,0.0,2.0,0.0,0.0,parse-cloud,_User$Eu3qeTtHXO,Paraíba,Campina Grande,Paraíba,Campina Grande,False,False,2021-08-19T21:58:10.344Z,2021-08-19T21:58:10.344Z
ciMqFYq9dU,2021-08-19,2676060.0,84.0,12.0,0.0,1.0,0.0,0.0,0.0,0.0,parse-cloud,_User$Kr8GF1edDx,Paraíba,Campina Grande,Paraíba,Campina Grande,False,False,2021-08-20T10:57:20.150Z,2021-08-20T10:57:38.776Z
Hm3jCHZiVJ,2021-08-19,220337.0,11.0,17.0,11.0,17.0,0.0,1.0,0.0,1.0,parse-cloud,_User$VgB5jSCEUE,Paraíba,Campina Grande,Paraíba,Campina Grande,False,False,2021-08-20T12:08:10.477Z,2021-08-20T12:08:10.477Z
9yUlAQbApz,2021-08-20,2363070.0,21.0,18.0,21.0,18.0,0.0,0.0,0.0,3.0,parse-cloud,_User$Eu3qeTtHXO,Paraíba,Campina Grande,Paraíba,Campina Grande,False,False,2021-08-20T16:06:54.815Z,2021-08-20T16:06:54.815Z
EJ3IWWOGDp,2021-08-20,220337.0,8.0,18.0,8.0,13.0,1.0,3.0,1.0,2.0,parse-cloud,_User$VgB5jSCEUE,Paraíba,Campina Grande,Paraíba,Campina Grande,False,False,2021-08-21T12:00:39.577Z,2021-08-21T12:00:39.577Z
c3cQklcver,2021-08-21,2363070.0,23.0,5.0,23.0,18.0,1.0,0.0,3.0,1.0,parse-cloud,_User$Eu3qeTtHXO,Paraíba,Campina Grande,Paraíba,Campina Grande,False,False,2021-08-21T15:58:18.391Z,2021-08-21T15:58:18.391Z
mlWYCYxReq,2021-08-21,220337.0,9.0,18.0,9.0,14.0,0.0,1.0,1.0,0.0,parse-cloud,_User$VgB5jSCEUE,Paraíba,Campina Grande,Paraíba,Campina Grande,False,False,2021-08-22T14:47:15.029Z,2021-08-23T11:29:22.569Z
sTtiYR0Eom,2021-08-22,2363070.0,22.0,21.0,22.0,21.0,1.0,0.0,0.0,1.0,parse-cloud,_User$Eu3qeTtHXO,Paraíba,Campina Grande,Paraíba,Campina Grande,False,False,2021-08-22T21:32:35.250Z,2021-08-22T21:32:35.250Z
OBmRgMnXVn,2021-08-22,220337.0,8.0,14.0,8.0,14.0,0.0,0.0,0.0,1.0,parse-cloud,_User$VgB5jSCEUE,Paraíba,Campina Grande,Paraíba,Campina Grande,False,False,2021-08-23T11:29:52.573Z,2021-08-23T11:30:11.640Z
VGHxNjTwqT,2021-08-23,2363070.0,17.0,0.0,19.0,19.0,0.0,0.0,2.0,5.0,parse-cloud,_User$Eu3qeTtHXO,Paraíba,Campina Grande,Paraíba,Campina Grande,False,False,2021-08-23T22:04:40.832Z,2021-08-23T22:04:40.832Z
4qckgj5yYN,2021-08-23,220337.0,9.0,17.0,9.0,11.0,0.0,0.0,0.0,1.0,parse-cloud,_User$VgB5jSCEUE,Paraíba,Campina Grande,Paraíba,Campina Grande,False,False,2021-08-24T13:09:55.723Z,2021-08-24T13:09:55.723Z
WSqFc59u3A,2021-08-24,2363070.0,27.0,18.0,27.0,18.0,0.0,0.0,0.0,1.0,parse-cloud,_User$Eu3qeTtHXO,Paraíba,Campina Grande,Paraíba,Campina Grande,False,False,2021-08-24T21:38:48.565Z,2021-08-24T21:38:48.565Z
MWRqinXPKG,2021-08-24,220337.0,6.0,19.0,6.0,11.0,0.0,0.0,0.0,2.0,parse-cloud,_User$VgB5jSCEUE,Paraíba,Campina Grande,Paraíba,Campina Grande,False,False,2021-08-25T14:40:33.101Z,2021-08-25T14:40:33.101Z
AXw7iqAqB3,2021-08-25,2363070.0,9.0,3.0,4.0,28.0,0.0,9.0,0.0,0.0,parse-cloud,_User$Eu3qeTtHXO,Paraíba,Campina Grande,Paraíba,Campina Grande,False,False,2021-08-25T21:46:26.474Z,2021-08-25T21:46:26.474Z
ZLscFCwF08,2021-08-25,220337.0,4.0,20.0,4.0,20.0,0.0,0.0,1.0,1.0,parse-cloud,_User$VgB5jSCEUE,Paraíba,Campina Grande,Paraíba,Campina Grande,False,False,2021-08-26T13:11:44.039Z,2021-08-26T13:11:44.039Z
37O1l22U15,2021-08-26,2363070.0,23.0,26.0,23.0,26.0,0.0,0.0,1.0,2.0,parse-cloud,_User$Eu3qeTtHXO,Paraíba,Campina Grande,Paraíba,Campina Grande,False,False,2021-08-26T21:30:27.951Z,2021-08-26T21:30:27.951Z
MlTUGhECVM,2021-08-26,220337.0,9.0,21.0,9.0,11.0,0.0,0.0,1.0,0.0,parse-cloud,_User$VgB5jSCEUE,Paraíba,Campina Grande,Paraíba,Campina Grande,False,False,2021-08-27T13:48:57.218Z,2021-08-27T13:48:57.218Z
vFN4piTzgP,2021-08-27,2363070.0,9.0,2.0,6.0,25.0,1.0,3.0,2.0,0.0,parse-cloud,_User$Eu3qeTtHXO,Paraíba,Campina Grande,Paraíba,Campina Grande,False,False,2021-08-27T21:59:48.538Z,2021-08-27T22:00:56.579Z
vlQV6jB0Bx,2021-08-27,220337.0,10.0,20.0,10.0,11.0,0.0,0.0,0.0,2.0,parse-cloud,_User$VgB5jSCEUE,Paraíba,Campina Grande,Paraíba,Campina Grande,False,False,2021-08-28T17:09:29.007Z,2021-08-28T17:09:29.007Z
kPfV9hDl8a,2021-08-28,2363070.0,25.0,17.0,25.0,17.0,1.0,0.0,1.0,1.0,parse-cloud,_User$Eu3qeTtHXO,Paraíba,Campina Grande,Paraíba,Campina Grande,False,False,2021-08-28T21:16:22.274Z,2021-08-28T21:16:22.274Z
LpdzvqOEIc,2021-08-28,220337.0,12.0,19.0,12.0,19.0,1.0,0.0,1.0,1.0,parse-cloud,_User$VgB5jSCEUE,Paraíba,Campina Grande,Paraíba,Campina Grande,False,False,2021-08-29T12:16:14.629Z,2021-08-29T12:16:14.629Z
QCjIJdtfZu,2021-08-29,220337.0,27.0,13.0,27.0,13.0,0.0,0.0,0.0,1.0,parse-cloud,_User$VgB5jSCEUE,Paraíba,Campina Grande,Paraíba,Campina Grande,False,False,2021-08-30T11:17:56.729Z,2021-08-30T17:16:53.190Z
ATKjBqK7rP,2021-08-30,2363070.0,25.0,32.0,25.0,32.0,0.0,0.0,0.0,2.0,parse-cloud,_User$Eu3qeTtHXO,Paraíba,Campina Grande,Paraíba,Campina Grande,False,False,2021-08-30T21:42:28.227Z,2021-08-30T21:42:28.227Z
hcWsV9KS1A,2021-08-30,220337.0,12.0,29.0,12.0,29.0,0.0,1.0,0.0,2.0,parse-cloud,_User$VgB5jSCEUE,Paraíba,Campina Grande,Paraíba,Campina Grande,False,False,2021-08-31T14:20:39.389Z,2021-08-31T14:20:39.389Z
rgafKKdkYu,2021-08-31,2363070.0,8.0,3.0,2.0,29.0,0.0,9.0,1.0,0.0,parse-cloud,_User$Eu3qeTtHXO,Paraíba,Campina Grande,Paraíba,Campina Grande,False,False,2021-08-31T20:10:30.454Z,2021-08-31T20:10:44.339Z
BTskWFSU4a,2021-08-31,2362287.0,73.0,7.0,3.0,0.0,0.0,0.0,0.0,0.0,parse-cloud,_User$JERHxuCJ0m,Paraíba,Campina Grande,Paraíba,Campina Grande,False,False,2021-09-01T18:04:43.332Z,2021-09-01T18:04:43.332Z
OoM2Rk9UFM,2021-08-30,2362287.0,82.0,10.0,3.0,1.0,0.0,1.0,0.0,0.0,parse-cloud,_User$JERHxuCJ0m,Paraíba,Campina Grande,Paraíba,Campina Grande,False,False,2021-09-01T18:09:05.433Z,2021-09-01T18:09:05.433Z
ipU8cvsgOq,2021-08-29,2362287.0,83.0,9.0,2.0,1.0,0.0,0.0,0.0,0.0,parse-cloud,_User$JERHxuCJ0m,Paraíba,Campina Grande,Paraíba,Campina Grande,False,False,2021-09-01T18:11:58.960Z,2021-09-01T18:11:58.960Z
jEqOrOX5GW,2021-08-28,2362287.0,70.0,8.0,3.0,0.0,0.0,0.0,0.0,1.0,parse-cloud,_User$JERHxuCJ0m,Paraíba,Campina Grande,Paraíba,Campina Grande,False,False,2021-09-01T18:16:10.882Z,2021-09-01T18:16:10.882Z
JDHf0jZBHU,2021-08-27,2362287.0,64.0,7.0,4.0,0.0,0.0,1.0,0.0,0.0,parse-cloud,_User$JERHxuCJ0m,Paraíba,Campina Grande,Paraíba,Campina Grande,False,False,2021-09-01T18:18:47.594Z,2021-09-01T18:18:47.594Z
R8YsDbioCh,2021-08-26,2362287.0,58.0,9.0,3.0,0.0,0.0,0.0,0.0,0.0,parse-cloud,_User$JERHxuCJ0m,Paraíba,Campina Grande,Paraíba,Campina Grande,False,False,2021-09-01T18:20:40.731Z,2021-09-01T18:20:40.731Z
oC4LJrqtvf,2021-08-25,2362287.0,63.0,10.0,0.0,0.0,0.0,0.0,0.0,0.0,parse-cloud,_User$JERHxuCJ0m,Paraíba,Campina Grande,Paraíba,Campina Grande,False,False,2021-09-01T18:23:23.273Z,2021-09-01T18:23:23.273Z
e66H32KVJA,2021-08-24,2362287.0,55.0,11.0,5.0,0.0,0.0,0.0,8.0,0.0,parse-cloud,_User$JERHxuCJ0m,Paraíba,Campina Grande,Paraíba,Campina Grande,False,False,2021-09-01T18:26:58.592Z,2021-09-01T18:26:58.592Z
iD45aGRXV7,2021-08-31,220337.0,12.0,29.0,12.0,29.0,0.0,2.0,1.0,0.0,parse-cloud,_User$VgB5jSCEUE,Paraíba,Campina Grande,Paraíba,Campina Grande,False,False,2021-09-01T18:54:21.698Z,2021-09-01T18:54:21.698Z
